Chunk,Summary
1,"Chunk 1: **User**  invstigate why the containers are not found  --- **Cursor**  The output from the `docker ps` command shows that the following containers are running:  • service_a (container ID: 1f0fba334ff7) • service_b (container ID: 409643e12f40) • service_c (container ID: 060d5270e176) • service_d (container ID: 907186beb8d2)  However, the containers named `gr"
2,"Chunk 2: **User**  apply the simlar chanfes to other services and the tes the srvies to ensure they function correctly without circular dependencie   --- **Cursor**  I'll apply similar changes to the other services (B, C, and D) to ensure they also expose metrics for centralized collection. Then we'll test the services to verify they function correctly without circular dependencies.  Let's start with `service_b`:   ```python from prometheus_client im"
3,Chunk 3: 
4,Chunk 4: 
5,"Chunk 5: **User**  yes proceed and run  --- **Cursor**  The test script ran, but all service health checks failed with errors like:  ``` Failed to check User Service: HTTPConnectionPool(host='service_a', port=5000): Max retries exceeded with url: /metrics (Caused by NameResolutionError: Failed to resolve 'service_a') ```"
6,"Chunk 6: **User**  lets work on : More advanced dependency impact Simulate or observe real cross-layer faults (e.g., stop a container/host, see service impact). Analyze how faults propagate across layers, not just within the service layer.  --- **Cursor**  I'll help you create a fault injection script to simulate and analyze cross-layer faults. We'll create a script that can inject various types of faults (CPU, memory, network, container) and observe their impact across different layers.  First, let's create a fault injection script:   ```"
7,"Chunk 7: **User**  lets do one of these first: More advanced dependency impact Simulate or observe real cross-layer faults (e.g., stop a container/host, see service impact). Analyze how faults propagate across layers, not just within the service layer.  --- **Cursor**  I'll help you analyze cross-layer fault propagation by simulating a network fault, which will affect multiple layers of the system. This will help us understand how network issues can cascade through the service dependencies.  Let's modify the fault injection script to include a more sop"
8,"Chunk 8: **User**  yeah do what is the  best   --- **Cursor**  I'll implement both the disk fault and host fault simulations, as they represent different types of cross-layer failures, and then generate a comprehensive dependency analysis report.  First, let's implement the disk and host fault simulations:   ```python // ... existing code ...     de"
9,"Chunk 9: **User**  rerun it  --- **Cursor**  The script ran the disk fault injection and generated the plots, but there was an error in the dependency analysis step:  ``` Error during dependency analysis: ServiceGraph.__init__() takes 1 positional argument but 2 were given ```"
10,"Chunk 10: **User**  yes continue to work on that  --- **Cursor**  I'll help you continue working on the enhanced recovery system. Let me analyze the current state and suggest the next steps.  First, let me check the current state of the recovery system implementation.    Based on the codebase analysis, I notice that we have a solid foundation for the e"
11,"Chunk 11: **User**  what ablation study results do we have? also did we run the code that you just wrote,. if yes Add more sophisticated recovery strategies based on the ablation study results?  --- **Cursor**  Let me check the ablation study results and then we can run the code to test it.   Based on the ablation study results, we have several key findings that we can use to enhance our recovery system:  1."
12,Chunk 12: 
13,"Chunk 13: **User**  yes run the test script toverify the implementation   --- **Cursor**  I'll help you run the test script to verify the implementation. First, let's make sure we're in the correct directory and then run the script.   It seems we have a Python module import error. This is because the `graph_heal` package is not in the Python path. Let's fix this by installing"
14,Chunk 14: **User**  lets do for all serviices and try to understand what is happening. also what have we dont from next anot not yet: 3. Automated Recovery System What we have: Basic Docker-based recovery Simple health checks Basic fault injection Recovery orchestration framework What we need to do: Enhance R **Cursor**  Let's proceed step by step:  ---  ## 1.
15,"Chunk 15: **User**  stop them and start new and then verifry.  --- **Cursor**  I'll proceed with the following steps: 1. Stop and remove all running service containers. 2. Start the new containers with the updated code. 3. Verify the `/health` endpoints for all services.  Let's begin by stopping and removing the existing containers.  The error ""Bind for 0.0.0.0:500"
16,"Chunk 16: **User**  lets understand what we were running before and lets run it first because we were failin git.   --- **Cursor**  Let me analyze what we were running before and help you run it again. From the code, I can see we have a test script that was running the recovery system:   Let me also check the services configuration:   I see. Let me check what files we have in the workspace:   Let me check the docker-"
17,"Chunk 17: **User**  check them yourself  --- **Cursor**  Here's what I found:  - In `/graph-heal/requirements.txt`, you have `matplotlib==3.8.3`. - In the project root `/requirements.txt`, you have `matplotlib>=3.7.0`.  This means that when you run `pip install -e .`, pip tries to ensure the exact version specified in these files is installed "
18,Chunk 18: 
19,"Chunk 19: **User**  I do see graph heal, the thing is we graph heal inside of graph hea main folder that contains all other folders  --- **Cursor**  Ah, I understand now. The issue is with the Python path and package structure. Since we have a nested structure where `graph-heal` is inside another `graph-heal` folder, we need to adjust our imports and paths accordingly. Let's modify the test script to handle this structure:   ```pytho"
20,"Chunk 20: **User**  continue  --- **Cursor**  The Homebrew package for matplotlib is called `python-matplotlib`. Let's install it using the correct name, which should provide the necessary system dependencies for matplotlib and help resolve the compilation issues.  After installing via Homebrew, we will retry the `pip install -e .` "
21,Chunk 21: **User**  lets addresss these issues  --- **Cursor**  Here’s how we’ll address the current issues:  ---  ### 1.
22,"Chunk 22: **User**  yeah do evertyhing in order to run  --- **Cursor**  ```python def _execute_action(self, action: RecoveryAction) -> bool:     try:         container = self.docker_client.containers.get(action.target_service)         if action.action_type == RecoveryActionType.SCALE:             # Update both memory and memswap limits             new_memory"
23,"Chunk 23: **User**  do what is best  --- **Cursor**  ```python // ... existing code ... import json import networkx as nx import numpy as np from datetime import datetime, timedelta from typing import Dict, List, Set, Optional from .config import SERVICES_CONFIG // ... existing code ... class ServiceGraph:     def __init__(self):         /"
24,"Chunk 24: **User**  continue  --- **Cursor**  Let's continue with rebuilding and starting the services. First, let's check if we have a docker-compose.yml file in the root directory:   Great, I see the docker-compose.yml file. Let's check its contents to make sure it's properly configured:   The docker-compose.yml file looks good. N"
25,"Chunk 25: **User**  first analyze what is happening and then think and then fix, you suggested too many fixes that dosnt even work  --- **Cursor**  Thank you for your feedback. Let’s carefully analyze what’s happening step by step:  ---  ### 1."
26,"Chunk 26: **User**  /Users/shkh/Downloads/CS_261_FINAL_Project/graph-heal/scripts/test_enhanced_recovery.py  --- **Cursor**  I'll help you run the test script. First, let's check if the script exists and then run it:   It seems the script is not in the expected location. Let's check the directory structure to find where the script might be:   Let's check the `scripts` directory:   I don't see `test_enhanced_re"
27,"Chunk 27: **User**  go ahead and figure out what is wrong and fix it  --- **Cursor**  The output shows that when running a standalone Python command, the custom path (`graph-heal/graph_heal`) is not in `sys.path` by default. This means our script's `sys.path.append(...)` is not being executed early enough or is not correct."
28,"Chunk 28: **User**  we are having the same stupid error like before, do you even undersand what you have previously done? we. had teh samestupid issue with matplotlib  --- **Cursor**  Yes, I understand the issue and the history. Here’s a summary and what’s happening:  ### What’s Happening - The error is a"
29,"Chunk 29: **Cursor**  I notice two issues from the logs:  1. Service B is returning 404 for `/health` endpoint while other services are returning 200 2. Prometheus is having issues with the monitoring service's metrics endpoint due to content type mismatch  Let's fix these issues one by one.  First, let's che"
30,"Chunk 30: **User**  we still need to run /Users/shkh/Downloads/CS_261_FINAL_Project/graph-heal/scripts/test_enhanced_recovery.py   --- **Cursor**  I'll help you run the test_enhanced_recovery.py script. First, let me check its contents:   I see that this is a test script for the enhanced recovery system. Let's run it:   ---"
